<?xml version="1.0" encoding="UTF-8"?>
<system-data-structure>
    <text identifier="EmployeeId" label="Public Key ID" restrict-to-groups="college_managers,college_cascade_presentation,college_catalog" default="0" required="true"/>
    <group identifier="PersonName" label="Name">
        <text identifier="FormattedName" label="Full, Formatted" restrict-to-groups="college_managers,college_cascade_presentation,college_catalog"/>
        <text identifier="GivenName" label="First" restrict-to-groups="college_managers,college_cascade_presentation,college_catalog" required="true"/>
        <text identifier="MiddleName" label="Middle" restrict-to-groups="college_managers,college_cascade_presentation,college_catalog"/>
        <text identifier="FamilyName" label="Last" restrict-to-groups="college_managers,college_cascade_presentation,college_catalog" required="true"/>
        <text identifier="Affix" label="Suffix" restrict-to-groups="college_managers,college_cascade_presentation,college_catalog"/>
    </group>
    <group identifier="PositionInfo" label="Position" multiple="true">
        <text identifier="PositionTitle" label="Title" restrict-to-groups="college_managers,college_cascade_presentation,college_catalog"/>
        <text type="dropdown" identifier="InstitutionName" label="Institution(s)" multiple="true" restrict-to-groups="college_managers,college_cascade_presentation,college_catalog" default="UndergraduateEmoryCollege" required="true">
            <dropdown-item value="UndergraduateEmoryCollege"/>
            <dropdown-item value="UndergraduateAlliedHealth"/>
            <dropdown-item value="UndergraduateBusiness"/>
            <dropdown-item value="UndergraduateNursing"/>
            <dropdown-item value="UndergraduateOxford"/>
            <dropdown-item value="GraduateAlliedHealth"/>
            <dropdown-item value="GraduateArtsSciences"/>
            <dropdown-item value="GraduateBusiness"/>
            <dropdown-item value="GraduateNursing"/>
            <dropdown-item value="Libraries"/>
            <dropdown-item value="Law"/>
            <dropdown-item value="Medicine"/>
            <dropdown-item value="PublicHealth"/>
            <dropdown-item value="Theology"/>
            <dropdown-item value="EmoryHealthcare"/>
            <dropdown-item value="Yerkes"/>
            <dropdown-item value="Other"/>
        </text>
        <asset type="page" identifier="OrganizationalUnitPrimary" label="Primary Department" restrict-to-groups="college_managers,college_cascade_presentation,college_catalog" render-content-depth="0"/>
        <group identifier="OrganizationalUnitsAssociated" label="Associated Departments" restrict-to-groups="college_managers,college_cascade_presentation,college_catalog">
            <asset type="page" identifier="AssociatedDepartment" label="Department" multiple="true" restrict-to-groups="college_managers,college_cascade_presentation,college_catalog" render-content-depth="0"/>
            <text type="dropdown" identifier="PrimaryOrganizationalUnit" label="Primary Department2" restrict-to-groups="college_managers,college_cascade_presentation,college_catalog" default="other-Other" required="true">
                <dropdown-item value="african_american-African American Studies"/>
                <dropdown-item value="african-African Studies"/>
                <dropdown-item value="american-American Studies"/>
                <dropdown-item value="ancient_mediterranean-Ancient Mediterranean Studies"/>
                <dropdown-item value="anthropology-Anthropology"/>
                <dropdown-item value="art_history-Art History"/>
                <dropdown-item value="biology-Biology"/>
                <dropdown-item value="catholic-Catholic Studies"/>
                <dropdown-item value="chemistry-Chemistry"/>
                <dropdown-item value="classics-Classics"/>
                <dropdown-item value="comparative_literature-Comparative Literature"/>
                <dropdown-item value="creative_writing-Creative Writing"/>
                <dropdown-item value="dance-Dance"/>
                <dropdown-item value="east_asian-East Asian Studies"/>
                <dropdown-item value="economics-Economics"/>
                <dropdown-item value="education-Educational Studies"/>
                <dropdown-item value="english-English"/>
                <dropdown-item value="environmental-Environmental Studies"/>
                <dropdown-item value="film-Film and Media Studies"/>
                <dropdown-item value="french_italian-French and Italian Studies"/>
                <dropdown-item value="german-German Studies"/>
                <dropdown-item value="global_health-Global Health, Culture, and Society"/>
                <dropdown-item value="physical_education_health-Health and Physical Education"/>
                <dropdown-item value="history-History"/>
                <dropdown-item value="health-Human Health"/>
                <dropdown-item value="institute_liberal_arts-Institute of the Liberal Arts"/>
                <dropdown-item value="irish-Irish Studies"/>
                <dropdown-item value="italian-Italian Studies"/>
                <dropdown-item value="jewish-Jewish Studies"/>
                <dropdown-item value="journalism-Journalism"/>
                <dropdown-item value="latin_american_caribbean-Latin American and Caribbean Studies"/>
                <dropdown-item value="linguistics-Linguistics"/>
                <dropdown-item value="mathematics_computer_science-Mathematics and Computer Science"/>
                <dropdown-item value="medieval-Medieval Studies"/>
                <dropdown-item value="middle_eastern_south_asian-Middle Eastern and South Asian Studies"/>
                <dropdown-item value="music-Music"/>
                <dropdown-item value="neuroscience_behavioral_biology-Neuroscience and Behavioral Biology"/>
                <dropdown-item value="philosophy-Philosophy"/>
                <dropdown-item value="physics-Physics"/>
                <dropdown-item value="political_science-Political Science"/>
                <dropdown-item value="psychology-Psychology"/>
                <dropdown-item value="religion-Religion"/>
                <dropdown-item value="russian_east_asian-Russian and East Asian Languages and Cultures"/>
                <dropdown-item value="russian_east_european-Russian and East European Studies"/>
                <dropdown-item value="sociology-Sociology"/>
                <dropdown-item value="spanish_portuguese-Spanish and Portuguese"/>
                <dropdown-item value="theater_dance-Theater and Dance"/>
                <dropdown-item value="visual_arts-Visual Arts"/>
                <dropdown-item value="womens-Women, Gender and Sexuality Studies"/>
                <dropdown-item value="other-Other"/>
            </text>
            <text type="dropdown" identifier="Department" label="Department2" multiple="true" restrict-to-groups="college_managers,college_cascade_presentation,college_catalog" default="other-Other">
                <dropdown-item value="african_american-African American Studies"/>
                <dropdown-item value="african-African Studies"/>
                <dropdown-item value="american-American Studies"/>
                <dropdown-item value="ancient_mediterranean-Ancient Mediterranean Studies"/>
                <dropdown-item value="anthropology-Anthropology"/>
                <dropdown-item value="art_history-Art History"/>
                <dropdown-item value="biology-Biology"/>
                <dropdown-item value="catholic-Catholic Studies"/>
                <dropdown-item value="chemistry-Chemistry"/>
                <dropdown-item value="classics-Classics"/>
                <dropdown-item value="comparative_literature-Comparative Literature"/>
                <dropdown-item value="creative_writing-Creative Writing"/>
                <dropdown-item value="dance-Dance"/>
                <dropdown-item value="east_asian-East Asian Studies"/>
                <dropdown-item value="economics-Economics"/>
                <dropdown-item value="education-Educational Studies"/>
                <dropdown-item value="english-English"/>
                <dropdown-item value="environmental-Environmental Studies"/>
                <dropdown-item value="film-Film and Media Studies"/>
                <dropdown-item value="french_italian-French and Italian Studies"/>
                <dropdown-item value="german-German Studies"/>
                <dropdown-item value="global_health-Global Health, Culture, and Society"/>
                <dropdown-item value="physical_education_health-Health and Physical Education"/>
                <dropdown-item value="history-History"/>
                <dropdown-item value="health-Human Health"/>
                <dropdown-item value="institute_liberal_arts-Institute of the Liberal Arts"/>
                <dropdown-item value="irish-Irish Studies"/>
                <dropdown-item value="italian-Italian Studies"/>
                <dropdown-item value="jewish-Jewish Studies"/>
                <dropdown-item value="journalism-Journalism"/>
                <dropdown-item value="latin_american_caribbean-Latin American and Caribbean Studies"/>
                <dropdown-item value="linguistics-Linguistics"/>
                <dropdown-item value="mathematics_computer_science-Mathematics and Computer Science"/>
                <dropdown-item value="medieval-Medieval Studies"/>
                <dropdown-item value="middle_eastern_south_asian-Middle Eastern and South Asian Studies"/>
                <dropdown-item value="music-Music"/>
                <dropdown-item value="neuroscience_behavioral_biology-Neuroscience and Behavioral Biology"/>
                <dropdown-item value="philosophy-Philosophy"/>
                <dropdown-item value="physics-Physics"/>
                <dropdown-item value="political_science-Political Science"/>
                <dropdown-item value="psychology-Psychology"/>
                <dropdown-item value="religion-Religion"/>
                <dropdown-item value="russian_east_asian-Russian and East Asian Languages and Cultures"/>
                <dropdown-item value="russian_east_european-Russian and East European Studies"/>
                <dropdown-item value="sociology-Sociology"/>
                <dropdown-item value="spanish_portuguese-Spanish and Portuguese"/>
                <dropdown-item value="theater_dance-Theater and Dance"/>
                <dropdown-item value="visual_arts-Visual Arts"/>
                <dropdown-item value="womens-Women, Gender and Sexuality Studies"/>
                <dropdown-item value="other-Other"/>
            </text>
        </group>
    </group>
    <asset type="file" identifier="HeadshotFileLarge" label="Headshot File (large, for print media)" render-content-depth="1"/>
    <asset type="file" identifier="HeadshotFileSmall" label="Headshot File (small)" render-content-depth="1"/>
    <asset type="file" identifier="headshot_thumbnail" label="Headshot File (thumbnail)"/>
    <text wysiwyg="true" identifier="Description" label="Short Bio"/>
    <group identifier="Resume" label="C.V.">
        <asset type="file" identifier="ResumeFile" label="Uploaded C.V. (PDF)" render-content-depth="1"/>
        <text identifier="InternetWebAddress" label="Link to C.V."/>
        <group identifier="EducationHistory" label="Education" restrict-to-groups="college_managers,college_cascade_presentation,college_catalog">
            <group identifier="SchoolOrInstitution" label="Institution" multiple="true">
                <text identifier="InstitutionName" label="Institution Name" restrict-to-groups="college_managers,college_cascade_presentation,college_catalog"/>
                <text type="dropdown" identifier="DegreeName" label="Degree" restrict-to-groups="college_managers,college_cascade_presentation,college_catalog" default="None">
                    <dropdown-item value="AA"/>
                    <dropdown-item value="AB"/>
                    <dropdown-item value="AM"/>
                    <dropdown-item value="AMusD"/>
                    <dropdown-item value="AS"/>
                    <dropdown-item value="BA"/>
                    <dropdown-item value="BD"/>
                    <dropdown-item value="BEd"/>
                    <dropdown-item value="BFA"/>
                    <dropdown-item value="BJ"/>
                    <dropdown-item value="BM"/>
                    <dropdown-item value="BMSc"/>
                    <dropdown-item value="BMEd"/>
                    <dropdown-item value="BS"/>
                    <dropdown-item value="BSc"/>
                    <dropdown-item value="BSN"/>
                    <dropdown-item value="DM"/>
                    <dropdown-item value="DPhil"/>
                    <dropdown-item value="DMA"/>
                    <dropdown-item value="DPT"/>
                    <dropdown-item value="EdD"/>
                    <dropdown-item value="JD"/>
                    <dropdown-item value="LLM"/>
                    <dropdown-item value="MA"/>
                    <dropdown-item value="MAT"/>
                    <dropdown-item value="MBA"/>
                    <dropdown-item value="MD"/>
                    <dropdown-item value="MDP"/>
                    <dropdown-item value="MDiv"/>
                    <dropdown-item value="MEd"/>
                    <dropdown-item value="MFA"/>
                    <dropdown-item value="MHL"/>
                    <dropdown-item value="MHS"/>
                    <dropdown-item value="MI"/>
                    <dropdown-item value="MM"/>
                    <dropdown-item value="MMSc"/>
                    <dropdown-item value="MPH"/>
                    <dropdown-item value="MPhil"/>
                    <dropdown-item value="MPS"/>
                    <dropdown-item value="MS"/>
                    <dropdown-item value="MSc"/>
                    <dropdown-item value="MSCR"/>
                    <dropdown-item value="MSM"/>
                    <dropdown-item value="MSN"/>
                    <dropdown-item value="MSPH"/>
                    <dropdown-item value="MSW"/>
                    <dropdown-item value="MTS"/>
                    <dropdown-item value="MVA"/>
                    <dropdown-item value="RN"/>
                    <dropdown-item value="SJD"/>
                    <dropdown-item value="PhD"/>
                    <dropdown-item value="ThD"/>
                    <dropdown-item value="ThM"/>
                    <dropdown-item value="Diploma"/>
                    <dropdown-item value="Internship"/>
                    <dropdown-item value="Residency"/>
                    <dropdown-item value="Fellowship"/>
                    <dropdown-item value="Other"/>
                    <dropdown-item value="None"/>
                </text>
                <text identifier="DegreeTextName" label="If other, write out degree name" restrict-to-groups="college_managers,college_cascade_presentation,college_catalog"/>
                <text identifier="DegreeDate" label="Completion Year" restrict-to-groups="college_managers,college_cascade_presentation,college_catalog" default="1900"/>
                <text identifier="DegreeMajor" label="Major" restrict-to-groups="college_managers,college_cascade_presentation,college_catalog"/>
            </group>
        </group>
        <group identifier="InterestsandSpecialties" label="Interests and Specialties" restrict-to-groups="college_managers,college_cascade_presentation,college_catalog">
            <group identifier="Interests" label="Research Interests">
                <text identifier="InterestFreeText" label="Interest" multiple="true" restrict-to-groups="college_managers,college_cascade_presentation,college_catalog" help-text="Your specific research interest, such as American Politics of the South"/>
            </group>
        </group>
        <group identifier="Associations" label="Associations">
            <text wysiwyg="true" identifier="description" label="Description"/>
        </group>
        <group identifier="PublicationHistory" label="Publications">
            <text wysiwyg="true" identifier="description" label="Description"/>
        </group>
        <group identifier="Achievements" label="Achievements">
            <text wysiwyg="true" identifier="description" label="Description"/>
        </group>
    </group>
    <group identifier="ContactMethod" label="Contact Info">
        <text identifier="InternetEmailAddress" label="Email"/>
        <text identifier="InternetWebAddress" label="Website"/>
        <text identifier="office_hours" label="Office Hours"/>
        <group identifier="Telephone" label="Telephone">
            <text identifier="TelephoneFormattedNumber" label="Formatted Number"/>
            <text identifier="InternationalCountryCode" label="International Country Code" default="00"/>
            <text identifier="NationalNumber" label="National Number" default="1"/>
            <text identifier="AreaCityCode" label="Area Code" default="404"/>
            <text identifier="SubscriberNumber" label="Subscriber Number" default="727"/>
            <text identifier="Extension" label="Extension"/>
        </group>
        <group identifier="Fax" label="Fax">
            <text identifier="TelephoneFormattedNumber" label="Formatted Number"/>
            <text identifier="InternationalCountryCode" label="International Country Code" default="00"/>
            <text identifier="NationalNumber" label="National Number" default="1"/>
            <text identifier="AreaCityCode" label="Area Code" default="404"/>
            <text identifier="SubscriberNumber" label="Subscriber Number" default="727"/>
            <text identifier="Extension" label="Extension"/>
        </group>
        <group identifier="PostalAddress" label="Address">
            <text identifier="BuildingRoom" label="Building and Room"/>
            <text identifier="Mailstop" label="Mailstop"/>
            <text identifier="AddressLine" label="Line" multiple="true"/>
            <text identifier="Municipality" label="City" default="Atlanta"/>
            <text identifier="Region" label="Region" default="GA"/>
            <text identifier="PostalCode" label="Postal Code" default="30322"/>
            <text identifier="CountryCode" label="Country" default="U.S.A."/>
        </group>
        <group identifier="Privacy" label="Privacy">
            <text type="radiobutton" identifier="EmailExternal" label="Show Email?" default="yes">
                <radio-item value="yes"/>
                <radio-item value="no"/>
            </text>
            <text type="radiobutton" identifier="TelephoneExternal" label="Show Phone?" default="yes">
                <radio-item value="yes"/>
                <radio-item value="no"/>
            </text>
            <text type="radiobutton" identifier="BuildingRoomExternal" label="Show Building and Room Number?" default="yes">
                <radio-item value="yes"/>
                <radio-item value="no"/>
            </text>
            <text type="radiobutton" identifier="PostalAddressExternal" label="Show Mailing Address?" default="yes">
                <radio-item value="yes"/>
                <radio-item value="no"/>
            </text>
        </group>
    </group>
</system-data-structure>